species_code,volume_tonnes
APR,48.665
AMJ,132700
MAR,61.14
AAA,30
AAB,0
AAS,0.733
ABF,1320.946
ABJ,2
ABP,2354.38
ABX,242021.139
ACB,1409.468
ACH,10058.03
AJC,86.065
AJM,50
ALR,4.91
AMB,311.516
AMS,0
AMX,22711.781
APB,350.04
APE,0.27
APG,164.48
APL,2262.13
ARP,1952.27
AST,0.73
AUO,5
AXF,599.38
AYS,1.466
BAH,43490.639
BAJ,203539.436
BBK,95
BCB,3
BCL,1232.39
BCM,304.119
BFS,12.89
BFT,32590.271
BGJ,3
BGX,3.5
BIC,3234401.435
BKC,717565.76
BLC,410404.904
BMZ,1807.148
BNC,420.153
BNM,4.042
BNO,3.7
BOY,1.955
BSS,299809.871
BSX,94.096
BUF,0
BVF,143.148
BXH,5833.826
BYB,177.618
BZH,4621.999
CAF,587.132
CAN,0.429
CAU,38.684
CBA,35043.191
CBT,20085.361
CDT,8.65
CEW,40.901
CFS,0
CGM,96215
CGO,476.94
CHA,4542
CHC,833
CHE,179.783
CHI,16985
CHL,1.04
CHR,2543.671
CHU,14
CID,23.148
CIJ,521.473
CIV,3881
CLH,27233
CLJ,4343389.915
CLN,0
CLR,6.325
CLS,416.564
CLX,63331.082
CLZ,238704.085
CMA,26385.234
CMG,609662.27
CMR,143.85
CNA,548634.027
CNP,1022
COB,102
COC,1945.944
COD,349.796
COH,231699.96
COO,0
CPR,19.8
CRA,25325.58
CRD,31.64
CRP,265.97
CRS,105302.106
CRU,59.98
CSC,23.75
CSD,110503.748
CSI,40736.898
CSM,164192.114
CSO,13963.373
CSR,50
CST,0
CSY,4322
CTG,5328.631
CTO,1291150.988
CTT,3784873.12
CUJ,228813.221
CUX,228.541
CXS,559.478
CXT,0.117
DDA,7.2
DEP,3
DKX,0.12
DOD,145.3
DOK,100
DOM,261
DSE,4153
DZS,45
EBP,840
EEA,1.48
EEC,0.18
EEN,48.34
EFK,180.591
EFY,177.615
EIF,85.716
EKN,101.475
ELE,5847.242
ELJ,296605.825
ELX,783.531
EMA,1498958.458
EME,231.093
EMI,127728.223
EML,133.818
EMO,56.32
EMW,0.15
EMX,7081071.318
ENI,606.5
EPR,0
EPY,2.2
ERA,3.88
ERS,808292.754
ESD,39.722
ESW,26.5
ETC,7.394
EWF,5775.81
EWV,118.864
EWW,970.996
EXF,2477.17
EZO,523.753
FAB,6923
FBM,1301.756
FBU,0
FCC,6564.325
FCG,5982994.756
FCH,11741.795
FCN,32854.654
FCP,4181487.439
FCX,202.609
FCY,745472.816
FFX,724.918
FGG,148033.015
FGI,5
FGO,4206.927
FGS,30499.721
FIN,9.529
FIS,38371.07
FKN,8
FLP,32676.231
FLT,311528.77
FLU,36.4
FLX,9.896
FOK,2228.072
FOT,12521.067
FPC,62512.438
FPE,903.92
FPI,1582.059
FPP,1992.128
FPY,24
FRF,3278203.137
FRG,185685.195
FRO,121.152
FRX,1745
FSH,475.086
FSN,16512.606
FSS,80626.006
FSV,0.5
FTE,739.172
FYS,1991620
GAS,0
GBM,1222.798
GCA,1263.518
GDY,32204.187
GEC,776
GFZ,98420
GIP,132670.716
GIT,695682.671
GJK,1
GJW,134333.382
GLS,5800675.815
GLT,29.62
GOM,3
GPX,226726.472
GQB,331080.26
GRL,16.95
GSU,68900
GZG,84.11
HAL,1621.86
HCJ,52982.317
HED,3340
HEL,16
HFC,722
HIX,200
HJF,1
HLT,7
HON,1.45
HSR,12.41
HTF,20326.16
HTN,5994
HUC,14.943
HUH,47.992
HWU,767.939
HXP,7483.378
HYZ,26800.442
HZP,272
IAG,3
IEW,2212.893
IGF,2
IGI,7.34
IGX,101.762
INV,174670.368
ITM,50.1
ITP,508611.258
IWY,18.266
JJM,600
JSC,187664.835
KII,11317.336
KNA,818
KQT,218.59
KTD,7.347
KUE,0.125
KUP,47356.007
KUR,367924.188
KYC,0.941
LBB,57301
LBI,18413
LBM,105
LCB,54082
LEF,47848
LJH,5413.44
LJS,873
LJT,228.59
LJV,2833.927
LLZ,22236
LMS,18.6
LNJ,13087512.14
LOJ,4.213
LOK,0.115
LPB,13.5
LQD,10
LQX,269.799
LRH,2577865.79
LRN,500
LUB,0.695
LXR,15.3
LXZ,3556.322
LYC,254224
LZI,1120.06
LZJ,12.727
MAS,231.098
MBM,181
MCL,4506.928
MCP,492
MCS,0
MET,99155.123
MGR,43268.358
MGS,153.2
MIH,92.5
MIL,1278269.209
MLM,1097.456
MNX,224413
MOF,29083.886
MOL,1110896.46
MPE,26.6
MPN,5079
MPS,703479.388
MPV,8.46
MSC,722
MSL,9263.2
MSM,94350.976
MSR,0
MSV,115761.077
MSX,1048801.179
MTN,7958.108
MUC,4968.01
MUD,115487.714
MUF,11938.591
MUK,63672.256
MUL,362090.898
MUS,156827.376
MUZ,98016
MXW,94.965
MXY,2
MYA,2424.705
MYC,424294
MYN,7289.732
MZZ,893856.289
NCC,340
NDN,3
NGH,12.047
NGR,10168.382
NGS,0.37
NGU,73.919
NGY,1.7
NIP,14752
NMU,417.172
NQT,7
NXI,6.46
NXM,35.603
NXP,20.209
NXU,1.295
OAL,10011.347
OBL,6100
OCH,398
OCZ,5
OEA,1618
OGN,6512
OGZ,310
OIF,12
OIH,4856
OIT,3500
OKB,151.997
OLF,828.502
ONN,966
ONP,6028
ORM,3500
OSH,31.744
OST,8051.32
OXW,416134
OYA,134469.391
OYC,5850094.566
OYF,4458.827
OYG,625981.38
OYH,3.5
OYI,4200
OYM,1042
OYR,5155.783
PAM,223.91
PBA,2848.152
PBF,26910.994
PCA,5897.525
PEN,130020.34
PGP,21179.216
PGS,2551514.33
PGZ,425923.397
PIN,2
PKF,1.301
PLL,3104.674
PLM,10.5
PLN,14.06
PLZ,15218.946
PMW,0.27
PNI,3979.7
PNM,1365
PNS,1600.822
PNV,6324578.597
POB,2904.51
POM,20
POO,3536.589
POP,243908
PPF,426.216
PPZ,50729
PRF,313756.033
PRJ,5300
PRL,2026.889
PRS,11321
PRT,794789.239
PSM,7537
PTB,182.795
PTE,18.6
PTG,150123.488
PTS,14.62
PUQ,0.65
PUS,6093
PVR,209.055
QFP,38
QMG,4668.595
QMR,80.147
QOF,99.28
QPN,100
QQX,6
QRX,2554
QSC,5.419
QVC,20.967
QWX,85658.98
QYP,2.873
RCW,2708893.83
RDM,69825.924
RES,5861.368
REV,8312.608
RMQ,10.1
RNJ,154.973
RNM,6950
RPG,4275.2
RPN,299620
RQN,755.59
RQU,77779
RSS,3.2
RYJ,65.792
SAH,210
SAL,2905395.764
SAR,33
SBF,7600
SBG,319214.779
SBH,4572.551
SBQ,3
SBX,131479.931
SCD,31.16
SCE,2.3
SCN,2295.062
SCO,225.599
SCQ,58834.317
SCX,1830031
SFL,17473.379
SFM,3.7
SHR,23.121
SIN,373954
SIZ,83766.99
SLC,1
SLV,2839.704
SLX,4970.74
SLZ,16893.5
SNA,635.39
SNU,0.4
SNX,778.538
SOC,18
SOL,13
SOM,2587.019
SOO,153.78
SOX,20
SPI,156.084
SPU,1.459
SRE,9.88
SRO,326546.002
SSX,5489.752
STA,5129.44
STB,1884.746
STU,142151.718
SVC,4977165.223
SVF,2350.173
SVT,859651
SWA,15.564
SWB,1322245
SWG,5
SWR,5310
SWX,23232.35
SXU,68.693
SZH,200.5
TAR,3012.066
TCS,71.96
TEU,0.011
TFG,0
TGH,13.602
TGS,2.16
TLL,1200
TLM,57883.665
TLN,4827581.195
TLP,973886.436
TLR,12430.34
TLV,15
TLZ,6
TOB,15.92
TQY,12145
TRE,2402.214
TRO,17654.8
TRR,952690.844
TRS,58215.687
TRZ,3800
TTS,366384.295
TUG,10
TUL,55107.69
TUR,69668.26
TXK,18306
TXV,5.623
TXY,43149.34
TXZ,15766.03
TYT,0.907
TZD,83.644
TZO,14559
TZS,10.195
UDC,650
UDP,2740634.92
UEC,2980.766
UKI,15
ULL,62
ULX,1361
UOS,2
UPY,1474.173
URC,16205.733
UYH,2882.61
VEV,11.9
VMH,439.295
VNA,9.036
VRA,91.269
VUC,59.397
WAA,984
WCC,3
WDX,2783756.44
WHF,4336.273
WIX,300
WOR,100
WSD,54628
WUB,764303
XHC,4108.048
YAR,152065
YCH,587822
YGX,189.324
YHX,57.35
YLU,3296.256
YLW,25816.391
YMX,11
YRD,30
YTC,1017.5
YTL,440
YUX,3478.88
YWF,2.91
ZHB,2211
Grand Total,126035296.8